x1,x2,x3,y
0.2887752030989954,-0.9003361155267346,0.5883481852806469,0.49312270318475476
-0.6316712994483948,0.1907591079196269,-0.5946189343944464,-0.6862542746938421
0.1710963014602913,-0.09303819381294676,0.5600060002144676,1.2552969810191963
-1.0,-0.29772636216873094,0.13130767739916682,-3.4803763492114648
0.6069259522289909,-0.0389681041273624,-0.5857997826391297,1.6778765974629166
-0.5151655323197688,-0.3003730909089921,0.8851695143119207,0.8044501304041901
1.0,0.5107046044258152,-1.0,13.099822504537242
-0.8068287826651839,-1.0,-0.07543154586799417,6.071436304403383
0.03533689014608332,-0.5517576779597326,0.28536296992125587,0.201761681286156
-1.0,-1.0,0.1298155300796675,8.322575703833397
-1.0,-0.7309153682525353,0.29996626309849406,2.730984465978485
-0.10661976302732334,1.0,-0.07576717176498593,8.580017957956068
0.08117433111408112,-1.0,-0.910704616228933,-12.181101199752817
0.040168820900510216,0.18987140953945114,-1.0,-3.491131058657389
-0.4301895032686496,-0.2827071477153704,-1.0,-0.9339672122480991
-0.44562548880784436,0.5338540275811432,-1.0,-3.403992684176346
1.0,-1.0,0.013972231251358602,-8.070736149241107
0.8629569558852284,-0.6918337638623113,-0.254316829493235,1.4234096284247169
-0.38267829313260004,-0.07571953658393982,0.3196108069358119,-0.4227911479702306
0.6252752560969872,0.7359007860868447,1.0,8.235693885753504
1.0,-0.9146023356155473,1.0,-5.559298344854337
1.0,0.9391482438000709,1.0,26.30146742273684
0.03532295862176116,-0.931830549118642,0.1509125577028132,1.167086870366684
0.3401886336263831,0.12334851657618051,-0.3721827971194942,1.4318996219658817
0.15259854271488815,-0.13741555410457895,-0.04681829457591569,1.24138653766512
-0.20024753560881492,-0.279889848523422,1.0,-0.2068039153256614
-0.03536324404220448,0.27177112887193666,0.3124910966212817,-0.5035262887250591
0.2903106255323984,-0.13558721158663478,1.0,-1.7466687962569418
0.5294017735957672,0.06299495081540685,1.0,-0.012401889817210382
0.9684014839935997,-0.4920249381986641,-0.979928819725939,1.4781667147189865
-0.6542400739804759,0.88594511358341,-1.0,-1.8464156660280813
1.0,-0.41685642624301766,-0.41033941877896685,5.021307075316332
-1.0,0.1630191623259709,1.0,3.966683425398599
0.8116724478155006,-0.34169066234611756,-0.9988296956722642,-2.212154921328377
1.0,-1.0,0.28234527610105253,-7.707572282531733
0.30707773584159415,1.0,-0.5060881479961281,10.755257045189401
0.8274633138585425,-0.3335062276444054,0.7241166728646251,3.274278825101326
0.1434242140018902,-0.3789591136796371,-0.3809092199554325,0.860537289455306
0.5481040487432138,-0.8345507958813254,0.6531144028975757,0.523099104909057
-0.022665661838569218,-0.5179404616251992,-0.8670399075590285,-0.9195397471272391
0.4262307011465005,-1.0,1.0,-7.571779453465505
1.0,-0.4993320681553486,-1.0,2.2504619997207125
0.5074764958371185,-0.9455814064185968,0.40351150978649075,0.1545989505908739
-0.38698012372017243,0.15914338790230986,1.0,2.000325286902132
-1.0,0.9994593143142927,0.6611533515043091,0.767623358542216
-1.0,-1.0,0.16730430813197983,9.125462486529699
0.47894862745440214,1.0,0.8439820597742751,9.036093062649229
-0.9938307953724503,-0.44425926862237186,0.8505736334575058,3.535733687230239
-0.7911958888541986,0.0710525224747327,1.0,2.7555468472858196
-0.4211822777455705,0.3815177323058492,-1.0,-2.3602954799411573
-0.33976605220856215,-0.8645673019752227,-0.796301637090084,-2.8514562176020246
0.757770220248493,-0.0765366297681449,-1.0,-0.9493343651681444
-1.0,-0.1104537589460004,0.17575520024313418,-4.863796270692848
-0.4394735439366102,-1.0,-0.2773542937398039,2.301843751557586
-0.2787618875717637,0.22912419960006525,0.2753494362133293,0.38019055853950123
-0.08183483381459333,0.18388134395434386,-0.7450883575871103,-0.4759847322614531
-1.0,0.5119244963656993,0.11854632310692659,-3.7348350961261554
-0.18618727299208349,-0.6911108273812319,-0.7418225767172013,-0.3553916281804421
0.33143105478743995,-0.7672856502080692,-0.11632747775135344,1.4697962869705596
-0.6360771662799805,0.2312393741324159,-0.12132026689163822,-1.2543055352217574
-1.0,-0.46630756572248133,1.0,7.690496015809499
0.7865872188721121,-1.0,-0.046826942422854456,-3.6421014713562254
0.7261203841977735,-1.0,-1.0,-26.192482165482193
1.0,0.7137583931985971,-0.1713861402910426,7.574768980255341
-0.6187585574336756,-0.7513603937000095,0.10840848026314398,2.1958653403329906
-1.0,0.8854641785112782,0.4447949367171431,-0.13546167132675324
0.5955378709577543,-0.5150467592408368,0.1538382634914841,0.812759801550776
0.8025522370599083,0.16050341022478176,-1.0,1.0610095060040394
-0.04197517180294752,-0.21010407919091234,-0.5656935053601575,0.5804580416179335
0.10497403966919117,-0.9031453931258804,0.6101282785064199,0.6175453254851053
0.907631493050786,-0.9353682794606959,0.41939945771125675,-2.6130481401035635
-0.4446248815539511,1.0,-0.5352181286064568,6.5532875695067725
-0.5975280375033398,0.553213024203079,-0.21261641996555736,-1.1071760101134154
-0.6436963024271727,-0.21443049904514888,-0.9959657988308632,1.4803263133428848
-0.004633234986686219,1.0,-0.5380654276098409,9.847813134365
-0.5571970322400424,0.5534778973732339,-0.247364461837843,-1.6538616472244687
0.013784947230997657,1.0,0.9273104349904848,11.716898347185795
0.7079342385623524,0.2618854913423414,-0.4074852937312974,1.050699081182493
-1.0,0.4137972868012316,0.9813199066605183,3.5682208482912294
-0.3445354139447585,0.8840077729189777,-1.0,-3.201915195679661
-0.01420739664988524,-0.6127430200480581,0.6492098025888722,0.39088420757381614
-0.7838026388705381,0.19677903748130787,-0.16441852057250617,-2.6883458783387533
-0.13890333679211841,0.2500671910422694,0.6627934834131073,-0.17136497409195292
1.0,-0.21004510089059547,-0.7961724675251352,6.459513315099916
1.0,0.47876697982579985,0.06624647335954825,7.345191763739302
0.874703903551838,0.41280003143578514,1.0,12.396563428746342
-0.14199358397482276,-0.29983532786399025,-0.41637051878408426,0.89862768555305
-0.2641066447451845,-0.2147078539808247,-0.23395636071043135,0.7955276737206448
0.062041849812280336,0.5421230182448198,-1.0,-3.6567381690550755
1.0,0.04788921388372125,-1.0,8.487380615517118
-0.4394922103658643,0.11964010283282156,0.4201806381863753,-0.5759668390758664
0.30058688926523836,-0.6504930194792089,0.2050977145996251,0.9616953073720922
0.35464100986781544,-0.0811482631263507,-0.9418698368999743,-0.5887860955627509
0.36766111719988603,0.8278260210488131,-0.8049675706059465,2.4892471629412385
-0.8058137231669782,0.5876299713727382,-1.0,4.096104069316069
-0.2619524222355136,-0.5647106274630687,0.11005416250280908,0.7890957592907977
1.0,1.0,-0.2421991473203109,17.512342275999725
-0.608092258972637,-1.0,1.0,-0.4021724855427701
0.026155733310065266,-0.5969135125370064,-1.0,-6.527509087137313
-0.21559044201546818,1.0,1.0,14.898423022498966
-0.3511728591162542,-0.6491661608560628,0.9084700461072162,0.5721331831995627
-1.0,-0.8960123617149323,-1.0,4.875347453767861
1.0,0.8037205886946306,-0.4253286364510305,8.53474539158627
0.4786975473706119,-0.9026422854348357,0.05418735213409165,1.099743664618847
-0.08673902927945076,0.5778437488034378,0.4011581526201162,-0.44163725937843196
0.0962488403194639,0.06455040233675646,0.13351309017083834,0.8960171237038352
1.0,-0.5714272601164505,-0.6018206470083103,4.587649513087653
-0.6822090302980524,-1.0,0.9755345143232286,1.5862884445518
-1.0,-0.39761796648910175,-0.41421595663685595,-1.9274547597907439
0.5470762213802469,0.42332591249113105,-0.3607240137866272,0.30047438236415014
-0.15381352319426034,0.6907254001621108,0.053075142351963756,0.06444042227128488
-0.35622528336827153,-1.0,0.6933403814312442,0.4719867947236539
-0.7553317543245461,0.16238145168066875,-0.6672068389115002,0.19269579244064688
0.4509843842644903,-0.0754545338730892,-1.0,-2.1123861388159035
0.27295354795786664,-0.6629911964747965,0.75460202519038,0.05329015187968544
-0.32025647455672557,-0.1735576475192353,-1.0,-2.70753209272436
-0.6432175612905051,-0.45342281034401766,-0.6849442535060095,1.3743338672394247
0.8572394255779823,0.7175535722599609,-0.2581072030120488,3.587225155993054
1.0,0.2570724249423537,-0.7454842763638276,6.509784679510093
-0.567033733187404,0.24775185207908246,-0.3747741716916435,-1.5096135638827888
1.0,-1.0,0.8905994277476263,-6.8372237078083735
0.9526820352449856,-0.262847869065183,1.0,5.383878065854707
-0.2950110758883979,0.1388097477472774,0.8161092515811288,-0.2919310428052501
-1.0,-1.0,-1.0,3.6540846429228315
-0.9340084909546389,1.0,0.17320405077082124,3.2947892663504605
-0.0452074177753885,0.05346287096920865,-0.1407392144647306,1.2953385512580884
-0.6352050670695093,0.6758928006153333,-0.7160115519318457,-3.166122771948901
-0.5780258367649633,0.36011737437877467,0.7956315903887416,-0.33892608636684185
-1.0,1.0,0.14162953710264836,5.908649944166257
0.07462953770380865,1.0,-0.13702838170836373,8.856477543848996
-0.2724327769910013,1.0,0.6279168699154214,7.909972147695132
1.0,1.0,0.25318984724705285,13.267474440613723
-1.0,-0.7259701500277693,-0.4386170227564725,2.0812983284559756
0.9014998973612209,1.0,0.2851011229197191,10.070584594236175
-0.22578282025446006,0.3325686290219103,-0.5439257126345551,0.5737940158939114
-0.5033271608609557,-0.2043345886293031,-0.36968212417859214,-0.17571176801056876
-1.0,-0.7936463001162313,1.0,15.115657958759337
0.053321735006252036,-0.4418564762225641,-0.1047550255676406,0.9155264080340964
0.912447319574524,-0.10490988254555078,-1.0,3.207569769313615
0.016429955477851976,-1.0,0.5523893662359634,0.8183222927505049
-0.5538719098844203,0.36942012902067445,0.8200696054602059,0.42632553035556964
0.5114717796009174,0.612434990945615,0.20399821513095562,1.2621714090981875
-1.0,-1.0,-0.5948048185240993,4.080529950430638
-1.0,-1.0,0.2037177457972359,8.912433401374967
0.35696264017737045,-0.02901658845304511,0.6946573360649357,-0.1299417316095428
-0.7909861711189523,1.0,-0.12478675439135256,5.063562775831729
-0.09646957000318102,-1.0,1.0,-5.824105341631492
-0.10201055536089898,-0.7846358033766803,0.4562002260522888,0.015699559320264234
0.4914302761318907,-0.09829568356955232,0.7068743966566828,0.41814479341342053
0.33190109469572304,-1.0,0.5427667922890005,-0.4871873466793771
0.9676772245239174,-1.0,0.6461607750295695,-5.760112091049569
0.16258641575192812,-0.279885881251412,0.28920367861800433,1.174108482445312
-0.43224058051643555,0.5620006053014781,-0.6947088158969696,-1.305379222758969
-0.8965697843071787,-1.0,0.3019195843326439,8.610891000665669
0.7329579500985444,0.024025637087332852,-1.0,-0.5895391982134983
1.0,0.5674328475693948,-0.4056478354410189,5.07871800416143
0.5369813850189891,-0.3062279495002602,-0.8343649852982591,-0.39028820868425523
0.5867293111504841,1.0,-0.04500378787017123,8.707365143245614
0.22396233430737134,-1.0,1.0,-7.761269443109808
0.08627085461426032,-0.7801125277827998,-0.4591257393169854,0.9787761342638136
-0.5141232982849926,-0.6679379824255613,0.36926361088789506,0.658584589254236
0.33355455316661864,0.09534961667382436,0.2143731478541857,1.0879542445597525
-0.8704293581677873,-0.05042421823951271,0.31887441872831057,-3.017322773552534
-0.959985370372104,0.0836584208468123,-1.0,10.635390990257074
1.0,-1.0,-1.0,-29.866156477900187
0.20954875583194088,0.5344694408576107,-0.6672190285679058,-0.24289924074741887
-0.2080343274483727,0.2534343131201424,-0.6870138815097895,0.874196294613645
1.0,-0.36471864277107335,0.4860818208588822,5.380106359164178
0.2980421330498719,-1.0,-0.008319774358140242,0.801753948883597
-0.3385003864253098,0.8346052871120038,-0.33544863042915884,0.9503118173609086
0.5348894399035615,0.9171676178522861,-0.10570622353036674,5.22498740199046
1.0,-1.0,-0.8703258002182495,-20.11297504979393
0.2467541532809696,0.43629533899419104,-0.07057295007186548,1.0730978214112814
0.6581782619683132,1.0,-0.04473247137443814,7.91554835978641
0.33879377103240405,-0.0566069608164963,-0.08208946730768574,1.3411342500048522
-0.41214819541064696,-0.6104864683887705,0.9726796978889856,0.6107223422942172
-1.0,1.0,1.0,16.918154573450664
-0.04263799882114805,-0.43450864654485133,0.9451207408660318,-0.43340880416814265
0.09725617444067325,0.46193345873925673,1.0,2.6860174261657237
0.10958236398262611,1.0,-1.0,4.7741481492658275
1.0,0.5850084715474682,0.02364386068186497,6.474610369022128
0.8595176671608407,0.5266037251998363,-0.7158355565091623,3.53073677319373
0.8916358008120941,-1.0,0.32142021111088326,-4.947512583883083
0.8053658339661012,-0.008812149251537615,-1.0,0.19395922253018638
0.5601254734558261,1.0,0.3903473368208661,6.558378426870002
-0.4510231349120355,-0.8670276639873487,-1.0,-7.835178563580358
1.0,0.7103003894251914,-0.5336060235188886,7.489999565992644
-0.3112836209762462,-1.0,0.25959051648594467,3.616992981807979
-0.9267098059862342,-0.9668575378652546,-0.736917736107046,2.789492063254177
0.4789280122140058,-0.8592404879947282,-0.3438739496057681,0.34759390452081274
0.8631427306850703,-1.0,-1.0,-28.609112389796778
-1.0,-1.0,0.944006148692976,20.610392178628864
1.0,-1.0,0.003643850724916131,-8.795993140631548
0.1355352119463924,-0.8482729832020854,0.8296293193966418,-1.4512276716572101
0.2280751338463789,1.0,0.4807676221456987,7.806286614999464
1.0,-0.05624226954996314,-1.0,6.816870917849925
1.0,0.6763250824189939,-1.0,16.30184967060409
0.6607068839533139,0.019325124274536698,0.8785358429152454,1.8501814331208288
-0.4733401929137162,0.6746288145334616,-0.8682626397691766,-2.509054404124711
-0.2738955948299313,0.037858545742480265,0.05885062495115512,-0.631786143703219
0.6026167095813533,-0.11285893043393735,1.0,-0.1012150555594814
1.0,-0.5651734338682584,0.2383299390577316,3.175304743050777
-1.0,-0.6815944157164058,1.0,12.570133839218698
0.5406718109766171,-0.6128905328609744,1.0,-3.5204748049056858
-0.1824965946241972,-0.619245897276476,-0.09965072387428098,1.745348287769827
-0.6430784412829371,-1.0,-0.13990503101114404,5.806565832765349
-1.0,-0.908541837059561,-1.0,3.2868072080076876
-0.39841436949266806,-1.0,-0.5602346459740384,0.1465792023063573
-0.02632930128723232,-0.38226169230963003,-1.0,-5.043703647666322
0.23261670599451634,0.06114256235691373,-0.31072749342229855,0.8334840736786926
1.0,0.5932754559659976,0.1720253511991361,7.929033161351778
-0.3550428674389976,1.0,-0.38966048005750276,7.280801531514825
0.5445988605431873,1.0,0.07632570068492939,7.254243079299042
0.041989169357999456,-0.9339794507691903,0.2550558268740575,1.5824174112868379
0.6211279858325616,0.7525367567377834,-0.46362067597004875,1.642399271647359
-1.0,1.0,1.0,17.11047620660941
0.7618121943652527,-0.3529657648941371,0.23988003118208878,1.451963426328436
-0.4744776045059427,-1.0,0.4604704075438457,2.6102570058159764
-0.7987252421619457,0.3266143191141626,-0.7582811440235364,0.24170411543757536
-0.4225529911432524,1.0,0.4559524962581698,6.827752629791977
1.0,-0.09216557501714173,1.0,10.300765288635038
0.20356470342093158,-0.6599544679294709,0.7801636298367194,-0.9672774927408974
-0.44451891933360144,0.6212968175498697,-0.4879018518528879,-0.46342119692586414
1.0,-0.8534883410256897,0.9787374085067906,-2.4129880026496036
-0.3692126348989484,-0.8454494982035856,0.5967629103049867,0.11310797454929666
-1.0,-0.33979061114537523,0.27081954809081954,-2.817495176985717
-0.282987647127235,1.0,-1.0,1.8834384612281208
-0.5586390818052309,0.6254665167421285,0.9680466637864575,5.183781069355006
-0.4638545985289533,0.08748503139566788,0.405132481103865,-0.3239801418188279
1.0,0.2845044056091697,-0.7649588411879709,6.891608358306611
-0.9909756403883472,-0.16416780622673022,0.7108384272714592,-1.137064014584303
1.0,-1.0,-0.18458614281303753,-8.74977733840137
0.015364396861095697,0.7545121241456243,1.0,7.361965103478983
-0.8219931573770787,0.764868610053143,0.1461402576702211,-2.2320096040424864
-0.3111531586044547,0.47378965478414536,0.31474458297421637,-0.7343333619288507
0.34206636596501827,-0.02153688623557004,1.0,-1.32093484882169
-0.7504546300480135,-1.0,-0.7260240984983495,0.33245020905455086
-0.8116233043353591,-0.31116242506257863,-0.5355251220204948,1.0911722257622483
1.0,-1.0,-0.02614418053531753,-8.360032485311129
-1.0,-0.16015318121690725,-0.5701193254333792,-1.7727560384077279
1.0,-1.0,0.3981072045690621,-6.891979514820427
-1.0,-0.6067011286619368,1.0,11.343732852891058
0.47742730509454456,-0.025893698978816992,0.8750078815854938,-0.20217586559016007
0.4817800349828498,-1.0,0.11842042787692031,0.27430086587649577
-0.3765345901454966,-0.09728492785616072,1.0,0.2582788071644222
-0.8888927190292557,-0.9781224752250659,-0.6401336596259424,3.780546239825502
0.05442352762287417,-0.012552110083948076,0.2612164054898809,0.6562258150482461
-0.4750401246296869,0.5723422351629774,0.9420367512878871,3.0617125144788293
0.7006249667217379,0.48551612620280826,0.50706861274624,2.9382659289276436
-0.9158289443677696,1.0,-0.047092969393985884,5.074829634759018
0.916826082577417,-1.0,-0.7240458243660435,-13.528577674094105
0.3760891730355147,-0.4519975313404081,0.1778633103067282,1.2221432457972683
-0.007702797591244037,-0.45750883959547717,0.8895890397276713,-1.6863591599529193
0.24534822050102378,0.21179633233012973,0.627925708641021,0.4182938911601074
0.06870739814495641,0.35593845690774284,0.8194372825458749,-0.043075968849152546
0.13139826128637,0.21491848800004232,-1.0,-3.0631172994379794
-0.07462279762689561,0.12818188012720833,0.629787985291048,0.005912679079670649
-1.0,-1.0,-0.1749251819020674,6.215745635624933
-0.38223830571271833,0.24585516021012999,-0.3081848898033632,-0.6574424658874378
-0.10681987185812214,-0.4401466395202067,1.0,-0.8775743435089657
-0.5400433373770874,-0.21819882543975555,0.5388587736552646,0.0747956266048272
-0.7548408749618793,-1.0,-0.13387987274043045,4.954093785836484
-0.7396531819305241,0.4088763565723492,1.0,4.030125790988469
-0.031363282147544025,0.502263568743736,-1.0,-3.8411085775849134
-0.6476972875904783,0.3271939279900822,-0.05587506970210154,-1.4276046941445844
0.3351899208857836,-0.009373532163963194,0.4189670668654981,1.1217317829611557
-1.0,0.7528412362204984,-0.11940427649885654,0.8683474367167151
-0.12632814865116693,-0.6554010550167324,-1.0,-7.593132015783563
-1.0,-1.0,-1.0,2.1933386311805663
0.6999332816974442,0.27801726123689763,1.0,4.31433396116985
-0.6464071098346988,1.0,-0.08387457258741526,5.239496236976533
-0.45866794525518206,-0.5965328375538068,0.6140406123578246,-0.16059344725774727
-0.9436193697289039,-0.09698788645520873,1.0,4.076743676048113
1.0,0.5263631563805338,-0.8272172406413982,9.09561053682952
0.8381189676370855,-0.7422868112855268,1.0,-3.203222760527994
-1.0,0.9658027216444514,0.7443683720479002,0.5683699501792457
0.11101317704915403,0.2376179344747924,0.0008394039348444959,0.2660311030853861
0.8646143625113054,1.0,-1.0,21.78429502086235
-0.8007235639248989,0.8786369984208788,-0.6899182178131738,0.33834385076023943
-0.42356570537184957,0.09885935140133606,0.406634528791207,-0.45164322596498335
0.4559986244614813,-1.0,0.18677279483372788,0.19818982050695616
1.0,1.0,0.676933778718035,16.55803719606303
0.7868053020924912,-0.41845366519595983,-0.8733168582812008,0.8802951963175448
0.12685285865498597,-0.9085982847175818,0.2788558951049185,1.5836969761167676
-1.0,1.0,-1.0,21.01084425523034
-1.0,-0.19006953781748903,-0.3164568675952695,-3.5398741200055617
0.8043801132185489,0.7472983481887456,0.16998585495059437,4.236476321061685
-0.5712198931645203,-0.07143089069272701,0.3531019298692224,-1.297024292308694
-0.6822764214400348,-0.7090187899649738,0.5036478978062555,1.5396582327209334
-1.0,0.5577214562572634,0.6744829166653754,-3.959178421905997
-0.26845046225743285,1.0,0.3808825187910354,7.502378950100622
-0.7629420486810472,-0.5724150297135324,0.08722099792718807,1.399171084124341
-0.0017857831928338452,-0.9831761769011738,-1.0,-17.077338043320086
0.6360618667414861,-1.0,-0.06016821579814069,-1.5517604309708188
-0.5301085627352526,-0.5430627503881336,0.35850645272384285,0.2113190318428999
0.5420010409339393,-1.0,-1.0,-23.131406599160407
0.691813635735375,-0.73443190513926,-0.7846006912603176,-2.7474213648074324
-0.16549043256079976,-0.38102622569747835,-0.7281784571832239,0.05188947882021097
-0.024575062854879315,0.48416414792890117,0.985685518660065,3.060020591758924
-0.5651433275004889,0.4709236927981453,0.47525197247540873,-1.4850083093890145
1.0,-0.05520911057895117,-1.0,8.822796837336899
0.12469899947009333,-0.2463085446514388,-0.997977547991378,-3.2802255860455674
-0.5913064072170156,0.5162807684852946,-0.10534593497888856,-2.101963574625077
0.5570590862093081,-1.0,0.8812787850347665,-4.430688181576137
-0.5134672379577128,-1.0,0.3756933019497395,3.226398886408299
-0.45167906445246175,0.5729009699750627,-0.5022054169731807,-1.9361463385489497
1.0,-1.0,0.42183806505351806,-6.82452541046109
-1.0,0.5951609483615303,-0.43465535911228526,1.2022580569838395
0.8682465338696792,-0.34470797494760785,-1.0,-1.532203282488573
0.06874747946688364,-0.8252960296782532,0.5308858800421408,0.9918228974585277
-0.6135459195736415,-0.12460611416367429,-1.0,1.8427034290605677
1.0,0.6599900472009941,-0.10505642245383262,6.603026439787497
-0.9678733785015363,-0.9104034009486022,-1.0,2.733558974787792
-0.10456208494218977,1.0,-0.6538368304598596,8.790287915034401
0.43114105438847483,-0.5036891670006547,0.11031536829275423,1.2266534172736447
1.0,-0.7870337707990855,0.6951365396061784,1.6489404567605694
0.2023642297928785,0.843562723894798,0.21845098569014287,3.5988316295217038
-0.38459711037250255,1.0,0.8760313400411008,11.884241911592747
0.43432512879771457,0.2992389300980649,-0.21964278838342444,0.3235931827723937
-0.855406845073807,-1.0,0.26985440931537297,8.535386892965919
-0.08994667350021879,1.0,-0.6432816282177458,9.698717976289727
0.8717996266320982,-0.2062888475519744,0.5674938605680366,3.8239542816953653
-0.3870916791242791,0.8230953063720052,-0.47447306761411934,0.75427391788696
0.8759225392952334,0.61198997580783,0.7781106824847746,9.660416004247592
-1.0,-0.22937431204480596,-0.24053946431032225,-3.6230805082168684
-0.21292594958191136,-0.6787354912594581,0.9969459157355491,-1.5586655887287526
-1.0,1.0,-1.0,21.66332296299301
-0.6692720723499186,-0.6908465514704851,-0.4807860715872063,1.7111925630441986
0.0954299200511608,0.161461577269415,0.6304010774727062,-0.09905214313632688
-0.8150844930838805,-1.0,0.4573558623247582,8.098604636990949
0.0862167074902791,0.16722049618032053,1.0,0.10927546598799731
-0.24908946031648038,-0.31685800273452425,0.7290467992620189,-0.45589676527979395
0.6669305799506111,-0.07788207536128344,0.24674623754229907,1.9463155052049113
1.0,-0.8439476688189549,0.9508317779156168,-2.5427009533177896
-0.04436335845056538,-0.8445289929252648,0.5517707788733408,0.9035924520059052
-0.6659479576064422,0.6903825736307545,0.29803624108444127,-1.0817192344789506
0.6512320903690376,0.5156784801850722,1.0,5.895466073974243
0.4895759027933013,0.9918765916478163,0.11734161590545034,7.68405775168597
-1.0,1.0,0.3554334178680836,2.236402077876308
0.41018654542700017,1.0,0.0591619319740202,7.912580750406112
-0.8246481770257632,0.5503064525604362,-0.5984589316708462,-1.9320275049136177
-0.03877755308970099,0.9414624034194372,-1.0,-0.7697663764065082
0.4066213244386223,0.5603973426464781,-0.40914187718860595,0.004624692669265018
0.33838350754326907,-0.6717759582424891,0.19280809599472248,1.7305643892892897
-0.08658111483274267,-0.3796802435388027,-0.336854174465516,1.1240438359363907
1.0,-0.6125331207323839,0.38865128373124036,3.030676653315247
0.052618782176492074,-0.27062267494562087,0.10409848301260549,1.1600905541971416
-0.1015958419275198,-0.7122563022157435,-0.07137982498917506,1.6194788605456727
-0.9913058038104592,1.0,-0.24643769380374736,9.774613318623604
-0.3838393122851753,0.3903728494025538,-0.64682055688919,-1.2144655505816675
0.22187794922762882,-1.0,-0.2315272069528811,1.6795854055370025
-1.0,-0.9661382081438628,-0.4549037156271547,4.737315368175364
1.0,0.14808903915117866,-1.0,9.359752731007303
0.09035699883689419,-0.30186441165209654,-0.5457801888233875,1.4774677831743168
-0.9154666513059322,0.15621423919862987,1.0,2.9114104741184477
-0.252738015539981,-1.0,0.6713972796891396,0.1435772973834679
0.08538676339125084,0.34174937327914834,1.0,2.522279798654476
-0.20501770199433955,0.2885901617307236,-0.6774435571883093,-0.2918581327505101
1.0,-0.22543547486527915,-0.16563541172409812,4.018809838870325
-0.5397578063540072,1.0,0.4252866588139088,5.470055878259787
0.5415462544293559,0.2451218467116809,-1.0,-2.4238649899081066
-0.8540974468477593,-0.36675045529682726,-0.06181088967213322,-0.676772996672361
-1.0,0.38996421487843413,-0.5510890829152781,0.29100604478954395
0.8136055935393565,-0.6700061003771365,0.3743241856600621,1.309582853666732
-0.3146362804201486,0.39613153971023274,0.1494464265968669,-0.3983520494973943
0.2916284538634444,0.8182440049339077,0.6677472224357954,3.639225772380893
0.2178752045825183,0.8616714438884292,1.0,8.149313868133092
0.5800712727275743,-0.4177156346405815,0.3415095770021539,1.2733368471083988
-0.2741669830868183,-0.7933098521270279,-0.5687862738953857,1.0066239826015713
-0.6062978149408649,0.3250402075009362,0.19049233715362224,-2.4933560368954684
1.0,0.7504587580175612,-0.19872027875807374,7.190999570255902
-1.0,0.565200278524701,0.9371023411322739,2.4648611418618227
-0.5419898927900286,0.3696754008469929,-0.6533584478556329,-0.6240460872766089
-0.843792658133312,-0.5762381080513226,-1.0,2.843875330101718
1.0,0.4271205602424877,-0.8937824344472656,8.640234221626791
1.0,-0.088128008341811,-1.0,7.021750663893365
-1.0,-0.8518845630150584,0.30271990247981995,6.249128701106948
-0.19924411980377932,0.6424814710164468,-0.4132703782170062,0.20468155610663152
1.0,-0.3950063612474919,-0.8566899841599376,5.893690140645084
0.4093739993533174,-0.9529609513327721,1.0,-5.8711954793946
-1.0,0.6024577935472002,-0.5697699795187514,3.375467546661646
-1.0,0.32596786368721786,-1.0,15.83514012811907
-0.8245399774993725,1.0,-0.14125844759815842,5.046267864559641
0.5176033451680395,-0.15992941760199875,1.0,-1.8972384869361183
0.8570731747449813,0.2796494747163454,-1.0,3.5347091544508746
-1.0,-0.12163015224702578,-1.0,8.974696693955408
-0.21692359067520495,0.47860384418872104,1.0,3.7872495660108365
-0.13475130289731374,0.6642651429156701,0.8200382792749192,2.4573769428834162
-1.0,1.0,-0.054010022410801106,8.886767799723566
1.0,0.4964939142224081,1.0,22.321677410725627
0.6808785958513373,0.5128179980898424,-0.7452708035763957,1.1243105844662418
-1.0,0.9880146686338671,0.8122507668902816,3.716397215752906
-0.37780212244061206,-0.2159322934465988,0.5500905824581903,-0.4767260045332111
1.0,-0.1988305950595728,-0.7289466451728277,6.295953758534509
-0.625882172085712,-1.0,0.7541310745887577,3.2962631534424247
1.0,0.507965604573648,0.7648727565582036,13.929523128858573
-0.08498053444417786,1.0,-1.0,3.7268855209977394
0.009616496425777665,-0.5937027017785286,1.0,-1.8516613737924512
-1.0,0.18531867150932957,0.19116204846820395,-4.444138173686545
1.0,-0.564558961564267,0.1357163559933765,4.672379163187909
1.0,-1.0,-0.7873962564066606,-16.38243206825952
0.8853182647970703,-0.7823939201266845,0.22446827357547017,-0.33953397561012205
-1.0,0.7465442153391442,-1.0,19.67322034503971
-0.7485605441921102,-0.22896739264240962,0.5749742855309175,0.6359586588072995
-1.0,-0.759522461115101,0.9847781988043252,15.771748483283622
-0.3928327639797724,-1.0,1.0,-4.565600736860417
0.8511349347404131,-0.17411610948194944,0.17812815566088425,3.198274521675427
-0.09822809452922954,-0.4026561922932972,0.48858424192231453,0.5461474408781266
1.0,-0.8605624781716859,-1.0,-11.359865158647176
0.5822175999773653,-1.0,0.30039687543073335,-0.327055529988218
1.0,0.2084744390948865,-0.6150879819271429,5.177574238235885
-0.4901990782923369,-0.7341072761053331,1.0,1.392569861280999
1.0,-1.0,0.21518015259929268,-7.84950904345896
-0.6248734986154454,-1.0,0.8331526251140238,1.6077600716250273
-0.5886413421323791,1.0,0.24560644911061358,4.52905519231741
1.0,-0.3153463488566379,-1.0,4.025654940314482
1.0,0.3749807788533037,0.7843009219210482,12.674346659575372
1.0,1.0,-0.9809718502009419,37.686226326169184
0.678280811213112,0.5646846206774054,-0.46989222601888314,0.8148559063226488
0.5346188065117035,-0.42482509919692246,-1.0,-6.138103812160468
0.2698906809156161,-0.0007444035946362337,0.13085931904354964,0.6142935464654248
-0.3293560690806183,1.0,-0.45019172003048946,7.699756177432665
0.25568873899828715,-0.9823007597518718,-0.21600680436849995,1.9786797210349962
-0.9212807436908506,-0.1704840563327188,-0.15271538683170172,-1.4363184113394685
-0.7966709880921714,0.16056135603328925,0.5929109003671287,-1.3192852411206157
0.9368925877956915,-0.1988232030133108,-0.723047696911576,4.319935289370965
0.7687342734017908,0.02633362072863954,-0.22316515206107335,2.3562044437979663
-0.4811428176415169,0.34618583631274746,0.6178773173345478,-0.702503655908422
0.5775377959054933,-0.47212407388037203,0.26473171165734644,1.8801870857745429
-0.29008297824667006,1.0,0.03324500136331232,6.606997914855011
-0.26202995995795675,1.0,-0.26683286172408627,7.795075600854936
0.3493128307809157,-0.604487904827359,1.0,-3.587187178818905
0.0582235070837982,1.0,0.030818766819584065,7.648282380194276
-0.0812719936763,0.8496730018644232,0.558156697655162,2.918584578383822
-0.37545827733414794,0.2686297210789159,-0.20291632495832657,-1.4384996554844331
-0.9926059907297706,-1.0,-0.2393314201874932,6.307391237533775
-1.0,-0.6895926384000943,-0.33955841891590177,1.4752432001162141
-0.320518837572646,-0.34423030088405815,0.2034107852646314,0.3544870315566761
0.07468006327188026,0.9026205314340552,-0.11888389486056061,4.309470839611218
0.9629430704234654,-0.8674088597915186,-0.08346218053670018,-1.4467139949136034
0.9743276671634367,0.49431545038668623,-0.21517653545520687,5.060427789390673
-0.29037166905673817,1.0,-0.2722596336296639,7.197325930476762
1.0,0.5668710391920553,-0.16883064966484596,7.030693563063507
-0.302706807941272,-0.8530633625955006,0.7071421240897147,0.9458477567723693
-0.9408359558516637,-0.5093418491000092,-0.18211418260942747,-0.2849702951502148
-1.0,-0.37369979761329475,0.3388824964915931,-1.3840110362724727
0.8901120107319715,-1.0,-1.0,-29.199500680776882
0.587388617835845,-1.0,-1.0,-23.34816852168633
1.0,-0.512261029102739,-1.0,1.8092989428994193
0.736775795888408,-1.0,0.9460004186349804,-5.7717652464636675
-0.8770182254166847,0.15598018373268596,-1.0,8.140248262317396
-0.048390169882608136,0.728494530007173,-0.04614671001025794,0.3270726530328696
0.467560612282214,-1.0,-0.4165497274725052,-2.326450433474914
0.8623269086047911,-1.0,-0.20811865275985397,-5.389540406483286
-0.30821643275705735,0.24365955287102037,-0.7847811790214185,0.02840193203897423
-0.5979541445997432,-0.20018052927241836,1.0,1.3964037117798804
1.0,0.4760691697405335,-0.7529182028652699,7.409050018778257
1.0,1.0,-0.7944924470368384,29.320938711540464
-1.0,0.2450632910140471,0.6985335822703307,-3.9456505947696163
0.5953673381353957,0.5214169878081198,-0.15116653151634685,0.3381734203979445
-0.7507126948465683,0.07289569319006572,0.09550548201823239,-1.7053145411778907
1.0,-0.8329629936722516,-0.5407804808022265,0.3222756031725476
-1.0,-0.21020005856351154,-0.12824727606351893,-3.8063626043330148
1.0,1.0,-0.570704388252157,22.15529436257274
-0.3543886183188103,0.08954560130379008,1.0,1.6122386035793141
-0.2917907196102476,0.34879046151010584,0.27753463774808407,0.18165258990131883
-1.0,-1.0,0.4613053901114823,11.53479213001262
-1.0,1.0,1.0,16.88504226604234
0.5468452548188245,-0.1085871303919359,0.32297404468218804,1.446875898817064
-0.6941232285939114,-0.3430997254838932,1.0,3.29109441912109
0.43253292102064744,-0.6779505408759574,0.024761744802813235,1.7038988001679094
0.031637199294675566,-0.28230575692473825,-1.0,-4.259490454538837
-1.0,-0.18498504318299847,-1.0,8.8875854674511
0.14675242279316225,1.0,-0.008674348605121285,8.395968488702005
0.9724558568716632,0.2104629820598214,0.1314571846682413,5.218576086543458
-0.4816161824001364,-0.8410847077842987,0.415565589584473,1.586625784581269
-0.44208130796453826,-0.7584161964308669,1.0,-0.19378407590094593
-1.0,0.9356876682789652,-0.5988460662774067,10.061802494183175
0.9194523757109789,-1.0,1.0,-8.676457783614447
-0.8740614364703474,-0.3997094870381863,0.5519872786158957,0.6130325263085377
-0.0009745814901367389,-0.25159557468471627,-0.1146794112239593,1.4011042636548643
-0.09079187093903518,0.20529791639028416,0.015400996798111466,0.48302784506705354
-0.08394717077527614,0.615195058084322,0.4619251151010544,0.6595832788734952
-0.1801524648538042,-0.9501195831929135,0.056873687702836184,3.435175844609014
-1.0,1.0,0.5223966104962905,1.2852170652881743
0.3853947309219561,1.0,0.26628751228115743,7.300566332972687
-0.4190209711463704,0.018574714705387407,-0.7630891815238265,-0.7430747705012674
0.2324860618339304,-0.6974978198214066,-0.02118076400549529,1.307766129713889
-0.18243275042332163,0.7710470292576468,0.43211297937988946,1.2296436173648622
0.8019543018111666,0.5601776506596385,0.6292666413551946,4.411007778912728
-0.6085121903420116,-0.1232638545553233,0.8608430849336932,0.804962500176152
-0.71820244132097,0.3542920440734023,-0.38242876641211376,-2.1876386981179383
0.13131914953050772,-0.004301132187758183,0.13605647935255982,0.8321543152019026
0.3880037689415028,0.22563792451246423,1.0,0.8788838224048233
-0.5950257559383239,-0.0161822191710268,0.031784147419840814,-0.7855795975341011
0.16959609861114266,-0.5400519860803001,0.35794234455974805,1.0356768321573
-0.04301914633800741,-0.5769174792122753,-0.5650898897330272,1.4313047924738567
-0.37164456611558383,0.7054267845609217,0.15888016497094637,0.12757879148092088
-0.010581223784501992,1.0,-0.09030492865658002,8.799579002356003
0.45398717847631787,-1.0,0.3400534434556759,-0.42733841181929977
0.2842557552171223,-0.19857654548330328,-0.6826986657031395,0.7326384241791095
0.538258764552169,1.0,0.15046602982584756,7.692932725675379
-1.0,0.6854356734397418,0.8881389702407496,1.1235071140746284
-0.9053768414561083,0.1601805639221543,-0.2369248525161909,-3.857663195173539
-1.0,1.0,-0.052262989349872946,8.787289377016599
-0.20771937955301656,-0.5011352021017557,-1.0,-4.4227677614184495
0.15758546537550377,-0.6455531806433532,-0.07771970736387956,2.1573848294409483
0.2251662222495674,-0.5926616756388763,0.3398749498317921,0.7193338157094521
-0.8881898344057142,-0.33213400362639356,1.0,4.552612142457021
-0.7396138742867784,-0.6254225999800436,1.0,4.1630724883118795
-0.20527703815543297,0.9760243801947657,-1.0,1.1142796934473036
1.0,0.2886720880758149,0.015112678357813936,5.047837075950615
-0.8007773733612846,0.015968041090313356,-1.0,4.686445039489393
1.0,0.9300813665355983,-0.1506339740893976,11.818649803354829
1.0,-0.20553905947395545,0.84374015623359,8.081638061107025
-0.6380957861667818,-0.28649557027781736,-0.9511394796930617,1.2736743809005948
-1.0,-0.09792265287427315,-0.10949632694986522,-3.8739445005206337
-0.2159751430449739,-1.0,1.0,-5.989251270923407
-0.08830948797306037,-0.8963872111158806,-1.0,-11.934239666681282
-0.8240203570146092,-0.8985747696109323,-0.04776133707413499,5.716353262473253
1.0,0.9669773974148315,-0.8884238609298052,28.69664846918844
0.11690902286680971,1.0,-1.0,5.01774233390643
0.5715382723392426,0.48014635691600027,-0.2590217596448148,0.5181598881830669
1.0,-0.9342326542237467,1.0,-6.033827654398919
0.15556210171402962,0.584226599481976,0.2578973187054716,1.7673947455876435
-1.0,-0.9947767916285217,-0.8365361859481792,3.114072508470034
-0.1177404955218544,0.9009554509907256,-0.6936658193695548,3.768958275240691
0.32797763987959416,0.06517863271557922,0.5375451627049275,1.4089174499590627
0.055784642167925336,0.10512117489139472,-0.4954725925447958,0.9008297920143156
-0.18711336515836074,-0.9479318563140406,-1.0,-13.655986477541855
-0.18107812798441003,0.655760488987918,0.8716370159615834,2.868536339865113
-1.0,-0.1738873871660489,0.10496559427402175,-4.178275254414112
0.20932482567397526,-1.0,-1.0,-19.13977952842763
0.10500082394338484,-0.020118439738737948,0.11307044308404857,0.30631542400264433
0.250288468394817,-1.0,1.0,-6.707758915860025
-0.9319795206677468,-0.6464711631551301,0.6038580018638178,3.5987556830169805
-0.21675792286398,0.5328425155988841,0.6570765804251948,0.5573535534648125
0.37849990439745596,0.7792221539751374,0.33010687544248896,2.892194091080817
-0.020731482862182515,-0.2753619782821666,-0.5727326170900298,0.6108080234401863
-0.8196922758982235,-0.5701182621470491,0.5397025064511438,2.8356189778825382
-0.2727288204105207,0.29633472847484543,-0.36489401067531313,-0.17529693581180134
0.6518501219867461,-1.0,1.0,-6.37223503734251
0.3456519461869876,-0.5039730393486925,-0.11009430859619851,2.2564652067619195
-1.0,0.15590909414346155,0.321537017999904,-4.699042506595645
0.02887998864293606,0.1724806991041563,-1.0,-3.6647538830260213
1.0,0.28616627475600587,1.0,18.51774882615118
0.18739783254487863,0.5149741535369348,-1.0,-2.9457835327413555
1.0,-0.32560419684384767,1.0,7.356971623783283
-0.37564644898461363,-0.8497553333742163,-0.3748092687203519,2.1528087743773336
0.24978438491276367,1.0,1.0,10.924324327822019
0.3643188846558991,-0.9186389312632837,-0.7900132773036019,-5.161828593377187
-0.5710618639507437,-0.14913396318294958,-0.8549279233045097,0.3091528824142404
-0.0752702376883505,1.0,0.9876653583224235,13.195482894118163
0.336811651024046,-0.7608359638297293,-0.301467950166864,0.8765398473045458
-1.0,-1.0,-0.6016490261345413,4.812848250936521
-0.3366776516726342,0.8175327827395025,-0.48523944357976045,0.9221118116696239
0.6384305083295829,-0.9582468315056112,1.0,-6.011600756527092
-0.7473184272264171,-0.3056585882103302,-0.14134464609012376,-0.0495564637691769
1.0,0.5058167956180275,0.042198583669940115,7.088963232188469
1.0,0.6430156250817682,0.558455428177578,11.158756071876468
-0.6324006441164394,-0.6700194204824919,0.5148371418237843,1.4705238441077744
0.647281374590791,-0.8942197610131164,-0.8297363076726954,-6.262956132174325
-0.7937704600989146,-0.09425323897797466,0.36965318086472276,-1.3154857305317622
0.8947014989756537,0.33252243336431087,-0.17927309911164202,3.354640959511835
0.21368964490601527,0.27499134494772104,0.6253160609292396,-0.2741295200199728
1.0,0.09247439731158758,1.0,14.354615276744767
0.7280451797790357,-0.08022455471590928,-1.0,-0.7044538168724146
-0.3942322794951181,1.0,0.9058765591675941,11.423789031376879
1.0,-0.2851095119354665,-0.26028211960435543,3.771065987634841
-0.35606122150396624,-0.8670175850994464,-0.6082695571028132,-0.0658036773476392
-1.0,0.42379581327210625,-0.8049790421939567,6.633921486568939
-0.6937971970069285,-1.0,-0.49620068503835957,2.8341364001373144
0.2413017414362808,0.22583344999638122,1.0,1.3530623032604887
0.4456650282142949,0.8377593721768144,0.6910685865511927,4.668194360508989
0.5343252000584855,-0.30044608881282087,-0.8870925448628235,0.42611990106265585
-0.25489596281211946,0.3902211206601598,-0.15776245747400908,-0.1812080009966114
-0.9970831717988882,0.6099058395016561,-1.0,18.287454781121525
0.7789732450017071,1.0,0.6825479076367746,8.462747614468684
-0.6296833826058699,1.0,-0.5293894508553272,4.117019445591404
0.4751325663111723,1.0,0.7702227022999157,7.794899519981362
0.9295644623613908,-0.6375332586805287,-0.5351032399723159,1.5129800641010094
0.21371025926603116,0.11883033717785119,-0.6110968841025664,1.4576015861367784
-0.454644566795289,0.5547530347184706,0.7601274969271334,0.7045791844087173
-0.7766625213686433,0.3488780374920195,-0.42136596913688207,-1.440749391881798
-1.0,-0.25411885985712623,0.34941398315339844,-2.0828415961630866
-0.13052351466388212,0.5116712674619248,-0.5391625693587707,-0.28294085520175716
0.021145475213783405,0.4662169121349313,1.0,2.9895421534800772
0.13489320413369077,0.5670423588013274,0.0789189398187995,0.5218442582208808
-0.42207554961177696,0.6308183759560138,-0.6066826432480235,-1.635047645304329
-1.0,-0.024626872117293974,-0.5894461808875702,-0.8836781565643337
1.0,0.11295868048225888,0.012523079872239107,4.930464008029371
0.9145115094218466,-0.3764765246401285,-0.013057515003030318,2.2998779061903196
0.89950914563054,1.0,0.038754682101865834,11.369062820915719
0.510883823892962,0.18444605866163988,-0.019713588159473217,1.5865278469479804
-1.0,-0.9955989763927993,0.1694294060553745,8.85711552923646
1.0,-0.10222635977956274,-0.05555087917680357,4.062656070283335
0.23053422233835308,0.15907023550196397,0.4385555433708106,0.8024957991162678
1.0,-0.043786587820831,-1.0,7.317530089157822
-0.04228353969026588,1.0,0.6932455054408369,8.994427168975658
-0.19752815442481286,0.270379951246309,-1.0,-3.256547591282052
-0.9734327239498288,-0.9447831347412747,0.04505470291399982,7.1812966891305665
0.138333573561628,-0.5347494611699628,0.2497812218608686,0.6145594447462268
0.2153492928488927,-0.5188998950966224,-0.37107746752540693,1.2842343378238845
-0.6916391586044348,0.3589578207560089,0.9035290441647938,1.381520552572254
0.2331351828725703,-0.17711388772188963,0.08659212777108505,0.19373028748325494
-1.0,1.0,-0.025612293325517177,8.484634477584319
0.46069755729414474,-1.0,1.0,-6.350319995335081
-0.18287256877678093,-1.0,-0.2669280357686872,2.532704198728136
0.6730313861363999,1.0,-0.4379081550085817,11.51884445236535
-0.852845724620769,1.0,-0.5558388720184995,5.285282739520601
1.0,0.811541037151071,-1.0,20.27739172365755
-1.0,1.0,0.4137548703416096,2.1734667990648964
-0.9931625436643652,-0.5022292788520868,-0.08415935052412804,-0.8149576982354552
-0.5092939315098555,-0.15116399085078314,-0.32410501290171156,-0.27300779325004904
-0.3698285802159118,-0.4048025821569159,0.14701837148772667,0.8900407167801156
-0.783254227493835,-0.2993757790846261,-0.4833570567161056,-0.008578236736665024
0.38834382933971523,-0.14909215265888176,0.11634785363207323,0.5777967883210823
0.5448286537401639,0.6104407841815986,0.6397624014383672,2.5017470188078663
-0.5497750740963157,0.7187008171663682,0.4732524374653533,-0.584668119776853
-0.3553846771169433,-0.06521756853835425,0.63450050605411,-0.4971679425347675
0.12412865505297299,0.7793483979673301,-0.2086625720635913,1.3302952623867845
1.0,-1.0,-0.6645442853788872,-13.006069546526279
-0.6464168465033078,-0.48198558082137866,-0.24505498773247059,1.3675460184370514
0.5119813801419322,-0.5358366213302568,0.9049494424085005,-1.4445412856596958
-0.48392765473499244,0.11435017857966834,0.39929806407420654,-1.1610993840527044
1.0,0.09052568557761953,0.2199926438199895,5.152813465727457
-0.06649952008440563,-0.1057100981048229,-0.0976391706405495,-0.023817249563032106
0.7685256799187907,-1.0,0.5452457792644543,-2.834790254371691
-1.0,0.2336485422635226,0.7759751178445278,-3.1885382932274546
1.0,-0.5603452361323635,-0.416251604469283,4.138699476031922
0.29862496416833606,-0.3970961136860651,-0.9241057791471405,-2.2835795574854445
-0.6342055180014756,-1.0,-0.09775799695233545,4.268647015642524
0.314339858089441,0.7407021159364502,-0.5542431482705914,1.204035565379609
-1.0,0.5011199563471604,0.31280330298664394,-4.141026059749247
0.15251577742133104,-0.8284662502957878,1.0,-4.210225702224702
0.3123349327865026,0.01235080696780999,0.10685505420347763,1.1317210279707748
-1.0,-0.8431333834631933,-0.9025712159797246,3.3492202043410466
-1.0,-0.8311037532127508,0.023889156253314114,3.52700982343747
-0.3419362342244725,-0.7184150369889226,1.0,-0.8482576386374094
0.011889598525609557,0.5491813240224335,0.05202625659072946,0.7879212102654287
1.0,0.36097322648711216,-0.18684204695351858,4.757938994788891
0.0831429767720182,1.0,0.9876858203588785,11.071444646054879
-0.3423482984304649,-0.8266339726213832,1.0,-0.7252273712171295
-1.0,0.3792065848365207,0.7824286844169592,-3.227486226305985
0.39412174441788195,-0.3145095948164802,1.0,-2.4530103793753155
0.07297291932169858,1.0,-0.4268567295997119,10.49673250003458
0.6829862308996537,1.0,-0.07710957855237988,8.2777842926852
-1.0,-0.05325894848020574,-1.0,10.180517319905421
0.08276924548780418,-1.0,1.0,-6.540273470865254
-0.8925491336929954,0.9468119171907305,0.0032905613891245356,2.439524329214862
0.09520424241595293,0.21671885713219696,0.9714195746444552,0.8783699352186579
0.6895157505560168,0.6850477054730688,-1.0,-0.6704049609972561
0.6431453552446924,-1.0,-0.16512095875460564,-0.9745477351355307
0.3785739424874275,-0.5448217368117112,-0.8981391733994841,-2.577080484447948
-1.0,-0.20942163842579897,-0.6763467664989178,-0.9634419629033986
-0.7256809906563684,0.8047778418287979,-0.4586921102259711,-0.6483618335383684
0.7887607873769313,-0.882980678203604,0.3526153552793656,-0.2942055773484959
-0.21163432205010269,1.0,0.6040446238606063,7.910840304667698
0.02474507258407388,-0.25779437278626083,0.05972007965052639,0.24955188617743573
-0.9316743191403036,-0.11243375015842538,-0.17604270902134966,-2.910272371833363
-0.19316923630463267,-0.05901993485980528,0.7466126619718549,-0.467355568943488
-0.4807089275822849,1.0,-0.14962164073656803,5.405850729166328
0.8526543064315819,0.6217846560934883,0.8144395670279037,9.032346399759119
-0.5136745075410551,-0.3259101315975066,-0.006331115314767155,0.2896264620527089
0.6386261407195204,0.12268026759141692,0.89503646899622,1.9285110075957943
-0.9923944749770548,1.0,-0.35776377320624086,10.467877412401815
0.2476827969427169,-0.8211126653944649,-0.1942940480469506,3.221455330248342
-0.4250978026833563,1.0,1.0,15.932338811225636
0.33879348739212833,-1.0,-1.0,-20.584385324645062
-0.4978946400641704,-0.7241984648931106,-0.5907793529410956,0.8414832122321804
0.3101202904984903,0.6987107253867832,0.5940346530782128,2.269541139483004
-1.0,1.0,-1.0,21.20371218404404
-0.21512893904370367,-0.4483680288342049,0.3195475307438469,1.3316406470108741
-0.157932422952195,-0.21909043665964445,-1.0,-3.081751180088264
-1.0,-1.0,0.3261598166575581,10.040526265521246
-0.25162674595637946,0.465675213736211,-0.197873216876582,-0.973679319887082
-1.0,0.8749897435766996,0.34471447405586253,-0.12741692855002157
-1.0,-0.044665126827725166,-0.15030633240711944,-4.442860890575789
0.207668273899267,-0.8951842294991046,-0.4079750632688892,1.988514245015046
0.9246765600556552,-0.4094572949098354,-0.3909493219375122,2.747697539673787
-1.0,-0.18262952590836612,-1.0,8.684605852925017
1.0,-0.9873111153336063,-1.0,-27.411919664994198
-0.9229666216448866,0.3951414299712268,0.454937149041841,-3.121497717100487
-0.4768457579465064,1.0,-0.6026051639013588,5.589814754283119
0.2382049543547129,0.602875284819276,-1.0,-3.8973477321234165
1.0,1.0,-0.7961510611757399,29.58324589233514
0.868165896391669,-1.0,-0.6303037627341461,-11.004151925876377
0.20564133856365552,-0.18668443181570993,-0.23882244227585248,0.3348083561940308
-0.30751001453515037,-0.4165192137861553,-0.31313135070360243,1.228291810898715
-0.03897607635153433,-0.1382432811451657,0.610892238053927,-0.6260532809707491
-0.14600742720687876,-1.0,-0.7121937505098486,-4.069321856951241
0.5183521408649692,0.13633118265037947,0.936921485578162,1.1510469906634162
-0.6194206234466473,0.8334993987874098,0.34155136344819037,0.17473311040368694
1.0,-0.7259373096413388,0.9697063359626756,1.244487775847782
-0.31764159135549885,-0.5192884513857721,0.8637555286705378,-0.3485530664187824
1.0,0.6138541776333919,1.0,23.863886165973724
-0.188863457123571,0.11208736480005577,-0.531941316028268,0.39337184588374813
-1.0,1.0,0.017710354579491883,7.872111208203945
0.5972392808468587,-0.6397269357215212,0.20266225242515867,1.428355745216994
1.0,0.02487743461059644,0.18328807195075725,5.324937066821369
-0.5830992120840399,0.39078342170567004,-0.2546830210366746,-2.0170899030311515
0.11052432273892121,-0.9910413489673862,-0.13384746102478684,1.9108612936838678
0.06538231241157688,0.4945635414264469,-0.34391334002955154,0.37750995502349605
0.6640324610702908,1.0,-0.7048795993836245,13.21957595734844
-1.0,0.7682734769058825,-0.10645309409111703,1.617488488457055
-1.0,1.0,-1.0,21.37692415290472
0.5953189357481374,-1.0,-0.33178055386977334,-2.045212820270982
-0.4713783698949663,-1.0,-1.0,-12.68851556710461
0.46547548083136037,0.33250587407898613,-0.885643097398594,-0.1842835086425989
0.10640445904603735,0.15583579899243172,1.0,0.31124374429125884
0.021769462515065063,-1.0,-0.13849675579366383,2.4739239711772596
0.8676842690467814,-0.8399946466850945,-0.5910682049291927,-1.3073830576292589
0.03406590626610684,0.25101028305492923,0.03755111944238276,1.4620081026442167
0.1474816720114589,0.4769479200748319,0.26030223212512604,0.4259214514900587
0.5359793858608461,-0.9449283934262467,0.5945777033167987,-0.97618214293192
-0.134735014382102,0.5632228635437135,0.12069252682246479,-0.6966142292501097
1.0,-0.064932242499391,-0.808018155225622,7.526275580521546
0.2790277010873916,0.34623674509061764,-0.9244469733463123,-1.1317238254324082
0.347194059665066,-0.15469185856788448,1.0,-1.2083486714521863
-0.271975052947506,-0.9955699761207935,-0.8522367198319698,-7.872925997520048
-0.6295088438661534,0.786264467610754,0.016131073728107292,-0.42869525478347514
-0.1550151390954264,0.9229613342556153,1.0,11.776006281299187
-0.18397094831511063,-0.008322509363954067,1.0,0.3000056886614382
-0.018111411696405177,-0.7794930358620795,1.0,-3.9134065372102507
-1.0,1.0,0.0008078316082698045,7.931579743975246
0.12909451898864588,0.35236275449887855,0.9170561838938003,1.0931526283364672
0.8477533785710452,-0.44694199217153296,0.2411268998796965,2.0836128555798528
-0.7905712383442784,-0.712390639059405,-1.0,1.1577275114249344
-1.0,-0.5017385552234812,0.8928681802460556,5.448780032887616
0.5877648839229701,-0.1232585711204679,0.16209538901186726,1.0739697612885786
-0.46947508376824065,-0.3447789048834964,-0.41894260785395643,1.4088258953099335
0.2955105770081714,-0.09183941156760866,-0.17611105515810666,0.7290579665938496
-0.5806502028815408,-0.938069648422807,-0.6690477740310334,0.6840762465939565
0.48578324483402024,1.0,0.24698191024675942,6.691620659021186
-0.5249124065912174,0.008398380164468922,0.8329589178559913,0.37123528825567
0.26378504920403634,-0.005722970222703516,0.1755565209542984,0.5862795283602182
-0.13160739003694766,-0.07549606654825647,-0.8204141079044032,-0.5763147992760229
1.0,-1.0,0.18541315051797191,-7.412626118717523
0.045109716114291265,0.9730528517240364,-0.5130327092771492,8.838485199457029
-0.6500534165842164,0.42496319143535644,-0.35111894367062324,-2.3128531079734485
0.5814796789452441,-1.0,-0.717654611064193,-8.019802545867982
1.0,-0.08108637082249115,-0.4860085198415769,4.679723895078982
1.0,0.047031680409035825,0.9684890106043247,12.439807718462951
0.3990503760918125,0.48336181856150984,-1.0,-3.427998901380926
1.0,-1.0,0.065365988805693,-8.223242578848863
0.7624201634156818,-0.07664547745166717,0.912116197688186,2.622347817034595
-1.0,-0.7406896298282646,-1.0,4.549526739479545
0.40970978495512966,0.28574113121775935,0.4950917349845605,1.0224816480073506
-0.25193358136756605,-0.5213181457221434,0.8955283562243932,-0.6393892646339745
-0.3098700951500355,0.854904121175686,-1.0,-3.2649807394991295
0.8964982417673943,-0.7915166720013633,-0.4656670261798048,0.5153564110095172
0.055185118469613714,0.1709015737817019,-0.12463897339952856,0.6998913525906212
-0.14729396036522502,-0.3093625508939981,-0.6700501954184961,0.45977734834438616
-0.28853234674130124,1.0,-0.8906625935448644,4.094177359567761
1.0,-0.11320041764733224,-0.35055292104170865,4.306060223648971
-0.5987984068559402,0.38905089757440003,1.0,3.107316126005841
-0.778048267168409,-0.9486849531272248,-1.0,-3.705359529073302
-0.32794872706743505,0.4309833889340111,-0.5622719094951019,-0.6562706058508111
0.4993682406152278,0.017359295385653395,-0.49707048129317233,0.9099460633585608
-0.1985488900416923,-1.0,-1.0,-15.614482872617938
0.6360113371044078,-1.0,-0.010158806580589319,-1.9484174964799705
1.0,-0.2460426062366703,1.0,8.309817818494919
-0.3343938825245083,0.938375656888097,0.6454888654116868,5.857644769792055
-0.13433325135931562,-1.0,0.08256352673812373,2.439713310864734
-0.7720841239060618,1.0,-0.6084829615285574,3.412936476449487
-0.2765559929048371,0.07229414836435177,1.0,1.1126547937776783
0.15064332938529956,1.0,-1.0,5.255114066699649
-0.22838369225927857,0.03498584688653894,-1.0,-3.0164532951307153
0.7231951375468504,0.12553357695613343,-0.40427906895166865,1.3599481493535164
0.5681058229376312,-0.049567794775837504,-0.47077507138754626,0.9257008945738753
-0.07947509786945295,-0.08175763222088817,-0.03578201933845615,1.7102929946276193
0.29511373532468643,0.509927590614192,0.18458184093088326,0.906712542663116
1.0,0.11367749832429164,0.6827379607935606,7.95627481773538
-0.6098504759553312,1.0,-1.0,-0.2560783482239728
0.3125471520459264,0.1346008301176449,0.49779297499895336,0.21139886925262552
-1.0,0.14099202772950847,-0.2135875106070495,-3.1194490721790693
0.48185522222633725,1.0,0.73472710423539,9.002098260132467
0.3964035650522626,-1.0,-1.0,-20.875948944379534
-0.12331548575679019,-0.23685122904361378,0.7220860740036337,-0.22514573175704386
0.6029203327247212,-1.0,0.05853046471749912,-1.0374083607927218
1.0,-0.6881395785261453,-0.7601909159887363,3.931476151273745
1.0,-0.19719751707379252,-0.036408166820206755,4.288955828927143
0.4094727649196246,0.35796327475365586,-0.7936872778817421,0.3287815246163205
-0.5348418813100011,-0.7565009695319536,0.7286892509409986,0.9728886674153318
1.0,0.9258392281990995,-0.14216263024474007,11.688259316504242
-1.0,1.0,1.0,17.712903199339383
-0.9424095643542105,0.6685902748468362,-0.004025919905049413,-2.6742737545737434
-0.2446148292450394,-0.06895470433037398,-0.5118074756190047,0.5185967630610147
-0.07514472423502294,-0.4275871147017718,0.8133463054421144,-1.8150740323353478
0.2770134018176855,-0.8640224325711585,-0.0338821549205115,1.6470639196808983
1.0,0.6687875069072531,0.376932965899651,9.807604550843285
0.5345695767357919,0.29999607908975423,0.020758896410655536,0.9196674832232434
-0.02288500538263638,0.4623406734666755,0.7453148802649272,0.16225837473767823
0.2362770313327116,-0.9478171995027078,-0.8542032718481616,-7.867078860900473
-1.0,-0.024630266518301136,-1.0,10.3154519580489
-0.47932071224454864,-0.6116709703563892,0.48131928788580525,0.5725855980741632
1.0,0.06731849148409563,-0.8051135869008383,7.903994612379588
0.46181649367729927,-1.0,-0.05453598889516509,-0.01802182235023353
1.0,0.16682845376663447,0.19447469313630283,6.039511677655825
-1.0,0.31789392575718867,0.0808839379441515,-4.557054052977415
-1.0,-0.4117350129474382,1.0,6.889016110871522
-0.08217623334278001,0.2654955160126662,-0.2852281412607003,0.15568180202386245
-0.3046217955874888,-1.0,0.01265552987704166,3.7017735466654944
-1.0,-1.0,-0.7139529978618251,3.3405303839267013
-0.05400767140157359,0.3722723183298722,-0.5597033207880842,-0.21915311894893003
0.448921343188013,0.46576837874340105,-0.4379888234151217,0.8560427272156974
-0.8567880104391146,-0.2156952592581849,-0.27741884673178774,-0.7128145204407502
1.0,-0.40195747610077714,-1.0,3.8238938437809655
-0.41302019750109786,0.42395464637403935,0.5120005831715109,-0.6138061195966349
0.07999508546382161,-0.4446021203287551,1.0,-2.0008553471292094
-0.8620056140766699,1.0,0.4453093031131474,2.240384295623416
1.0,0.6127604553437158,-0.6286817248253849,7.311166466149587
-1.0,-1.0,-1.0,2.9222751643874663
0.14408203106495487,0.31391355932121145,0.6151167739227068,0.39231207263496337
1.0,0.30564219561455475,1.0,18.58814634255755
0.007424052675959025,-0.3635668485555361,0.5507820462855466,0.2579261410815501
-1.0,-0.3755391460980242,-0.9838191219182577,6.102084334249962
0.8211756318376859,-1.0,1.0,-7.769439428615542
-1.0,-0.6167990843129276,-0.8003827088257383,1.5149903660315036
0.8836669300080038,0.05800031891686186,0.8861970148001133,6.50424815620158
1.0,-0.8223609149460716,-0.12839341255545134,-0.17288753325726514
0.1643670388702585,1.0,0.17149678282976666,7.551088734920529
-0.12722886142476897,-0.007588749362811731,0.15802464531397642,0.7290009118887397
-0.14175362103029077,0.5354253568453677,-1.0,-4.950789747555241
-0.4296711105315727,0.1699701987628417,0.3104561223253859,-1.1477536750220905
-1.0,1.0,1.0,16.672006952154987
0.6218453337497605,-0.5691615947667459,0.5702114733043484,-0.3172877761395494
0.5598452102705453,-1.0,-0.07078998205710385,-0.5070653750912612
-0.019526894499234837,-1.0,-1.0,-17.14560806867933
-0.5053282485356556,0.1067028937588661,0.024990878127034932,-0.9567599010761438
-0.20866301598117354,0.5924030142907508,-1.0,-4.0861500769770265
0.7358103718318463,1.0,1.0,12.938217232485536
-0.265247334211135,0.33574342238933563,0.898905027397527,1.000169929327397
1.0,-0.7114435926871407,-1.0,-3.5377955988935192
0.47165874026760823,-0.018775042205278814,1.0,-0.4204366985539236
0.6583246008711163,0.5287399900792606,-1.0,-0.39973584217874225
-0.11874947113868428,-0.35271574474905876,-0.13004513734812928,0.45703717911815583
0.9774608464868817,1.0,0.13357266060996653,13.200006662483226
-0.8792146524844031,-0.6393006435420954,1.0,6.548420599912571
0.9297205806288587,0.8269908180312628,0.01499054737216099,6.682264540557315
1.0,0.3982173086201444,-0.20691059445249227,5.448120216050304
-0.5880331549111464,0.2773017406390368,0.274331633963657,-1.484532886315554
1.0,-0.2262385749646021,0.4268532840646895,5.814243542639499
-1.0,-0.6190848404934264,0.06210920849395962,0.46218259723020105
-0.9916739162664328,-0.2005177450047395,-0.2000283586943059,-3.7660134991535896
0.31132086157149397,0.8793052014602909,0.6656662286895814,4.892209317866054
0.16950064715715096,-0.31668370769488585,-0.8644634734343004,-0.9840289397964841
0.6130018530277594,-0.6269238271124717,0.9033140747483459,-1.2334067553558237
-0.31340309264715915,0.11707602468698064,-0.034656521053607614,-0.8716221465916137
1.0,0.03833840548902301,0.3041491560352927,6.062110469958095
0.7797126968387829,-1.0,0.6283773957231167,-2.5210190962761496
0.08852171670822195,1.0,1.0,12.22677620225529
0.05594261852012394,0.545970317299491,-0.12462324810733127,0.1817071927072772
0.6729281910866567,-0.1679418031393043,-0.42670398717016034,1.4696509914833862
-0.35288425604689966,0.5233444452048537,0.9262039958338739,2.422745188746674
1.0,-1.0,0.2879136150272774,-7.567516478462258
0.31843335897452163,0.2833115833136375,1.0,1.26702081382847
-1.0,-1.0,1.0,21.94627412564954
-1.0,-0.43421787496936437,-1.0,6.681905298752168
0.3909579970096233,0.06360785071051711,-1.0,-2.0827340423483234
-0.1362804375195521,-1.0,-0.8216742580854812,-7.192878650395764
-0.7506044396520275,-0.2862163585032824,-0.8869153445307192,0.8265858922915841
-0.14112139518210642,0.4941271297927228,0.8993083796084091,2.533302145103186
0.3628028107239176,-0.6411661548510641,0.35912267507319107,1.1529325750217838
-1.0,0.8222032947672655,-0.40944473509965595,5.251103152628881
0.27585158525181175,-0.06016543722890444,0.15640525627503665,0.6892316130765592
-0.35704729916116307,0.04215057477933426,1.0,1.2475377975196704
0.27599094665893587,1.0,0.8112841688693238,9.012092531276487
0.025471522277842107,0.5497176393146235,-1.0,-4.166762092567047
0.5568103005587377,-0.1445124629433696,0.9429660079784579,-0.43153283113705154
-0.5331086702966132,1.0,1.0,15.631886920485156
-1.0,-0.3033785964203459,-1.0,7.638681470149958
-1.0,-0.23901760135403172,-0.5137738374438303,-2.069189395552872
-0.42885487248204535,-0.7035757421393289,0.3033014930782003,0.9558550015507531
0.4115289066126453,-0.9053425404790001,-0.3559365954150142,0.4054424332363421
0.11362650056347756,0.922335554469152,-0.32852649206106066,5.403343721601048
1.0,-0.10861474919606584,1.0,10.321314275364792
-0.3117434245315043,-0.22711651574845204,0.0632867201874181,0.4231857105705907
0.5406654965670636,0.4309229504128269,-0.8165020206838871,0.3761847616750614
-0.06088681889595726,0.5124202435344951,-0.9491110155510587,-2.289152528411915
-0.01869508702670508,0.4095283215080132,-1.0,-3.9773741715127953
-0.6893201763135217,1.0,-1.0,2.3818851041241746
-0.0636873567838796,-1.0,1.0,-6.30727011144676
-0.0682284743194852,0.0954883121021497,0.18980300634901082,0.3468012400964523
-0.36333901236524,-0.6666649976006107,0.04327834292239863,1.5385065524929833
-0.4830220038916573,0.364812283254464,-1.0,-2.4706388768090624
0.07682005948403026,-0.2859766442230198,-1.0,-3.9337836682622984
0.2427664950962416,-0.7699360392621346,0.7749823045344926,-1.2615425609363
1.0,-1.0,-0.26499182628500173,-9.227641834764727
-1.0,-0.09551700533741214,0.08819526569246006,-4.500959677177908
-0.5695496339028336,1.0,1.0,16.037014970415743
1.0,-0.5545833766115931,0.07639461704431505,2.86448284910815
-0.054870149776849786,-0.8703751169872898,0.2901272253386227,1.5543840900425316
0.6025082134121584,-0.18215577242278047,-0.5785703570626,1.817116407943991
1.0,1.0,0.6024313985625604,14.543664474077223
-1.0,-1.0,-1.0,3.1007057690046693
0.863497844207719,1.0,-0.8277177345401998,20.01404687324548
1.0,-0.5829413699227981,0.7250636788283416,4.534223316265096
-0.5013291916743403,-0.10081019847178796,0.34107890038879707,-0.7884089559776524
-0.5569610282173176,-0.01597990483830114,-0.8884533159093042,0.619715478986693
1.0,0.9809457063179885,0.0326729894690041,13.12396262209902
-0.2549651247473199,-1.0,0.7925753335599341,-1.7689151996178225
-0.42888873724748255,-0.18993251081617024,0.03443413196333234,0.1840078836697372
0.8507028139964814,-0.15736259863996116,-1.0,0.9960310723185404
0.14666938203033286,-0.3458637861826195,0.14528786437619878,1.2437307535065707
-0.7590368127923401,-0.10571967883512268,0.9260237391537287,1.3469126881668776
-0.8559007011466893,-0.9531069157566692,-0.4193693287491089,5.31065893201332
0.5632545411629208,-0.7619446749416567,0.4438011600647893,1.0789193265334935
0.2016298510955783,-0.6279878348674235,0.6451519723505506,-0.04226893174273044
1.0,-0.8523534940773232,0.7243450768676818,0.13825551542350928
-0.12443144073055068,-0.14085130614271435,0.02408443022961393,0.2047964698504383
1.0,0.9093243809837752,-0.05697059777744484,10.997546225080523
-0.203160012084173,-0.2533903976866301,0.21226160377787417,0.3194472299378981
-0.011984307764786761,1.0,0.6910346029720165,9.318397771955196
0.26628212336875046,0.8708660954272602,0.7852323249400703,5.230265750185482
0.1548284969299114,-0.32961601222387427,0.1398307733743811,1.1967042478960923
0.5128389780672085,-0.20707291027268226,-1.0,-4.296330144984569
-0.8426361382653611,-0.09735673001067502,-0.6150955457478915,0.9054074712957021
-0.3260165742766534,1.0,0.16895524683601226,6.181081246196959
0.7308346362624152,-0.5552088278513256,-0.040034490608718665,0.9575192890190426
0.10971592022801269,0.08882491616811983,0.8936296530434893,0.5661130547668395
-0.18608371501921228,1.0,1.0,14.651406497406699
-0.3632790620893209,-0.5898786182790647,-0.39150184566157376,1.9623375763947397
0.20737077060009002,1.0,-0.4865767652379027,10.418048392366442
-0.3156983274512539,0.6689932968317343,1.0,6.920781302591915
-1.0,0.7396933567626163,0.6218030546469859,-3.185644925148253
1.0,1.0,-0.01793438776364753,13.829483550120514
0.028404549937328882,1.0,-0.28451447694569465,9.41011745048246
-0.06675769946568844,-0.6388442585662697,0.31736321337664775,1.3824126754927786
0.4217626257284952,-0.2478507304466615,-0.10474116387491383,1.647387393198287
0.25441539357428367,0.6032478614430883,-1.0,-3.05652307171554
-0.6135509932990688,0.9953936642461787,0.9619644488476484,13.579227168173096
0.7782260908178609,-0.8944890734655075,-1.0,-15.861598268428489
1.0,0.38788173819708516,0.9165125744122691,16.45709073486682
0.6455581048992001,0.06626299185983031,1.0,0.36984163537778636
0.34686488062768395,-0.5560033443589392,0.19138555271448476,2.165920386064812
1.0,-0.6961328496608561,0.45758848818542264,3.229750321610882
1.0,-0.5778671569575382,-0.3063677978071133,3.618975235243877
0.8998086614092782,-1.0,0.4048636592442707,-5.253025185514299
1.0,0.31067821926426453,1.0,18.584967419039646
0.600374521914903,-0.7915792656183842,1.0,-4.590207596352567
0.9564299483536431,0.7545223552004774,-0.7517840612644069,8.695736730740983
0.17536248479939687,-1.0,0.36965086577993733,1.5166305897314822
0.3724592287684825,0.7546539023449492,-0.33421910568105484,1.9603626080066148
-1.0,1.0,0.3239603807046445,3.8878184718765345
0.7610805238030671,0.5652418521972227,1.0,9.320142315135207
0.7751365020509975,-0.09557790766305718,-0.384149194412605,1.469800068372944
0.12670204462718804,0.09867556175376979,0.3436994539864735,0.36847763730651195
0.47295644398489745,1.0,0.38978976277013544,6.40256766693309
0.46223397363399377,0.9572754738801763,-0.07073479563564367,6.691572142749689
0.9597147208607972,-0.5307600493947353,0.28536835370399105,3.1237981409309397
-1.0,-0.1820152544337943,-1.0,9.40696748091715
0.40956293512056785,-0.7582499376486636,0.15636015316133922,0.944710206818588
0.9117300300839222,0.8887183480798244,-0.8625207090203333,15.198228858961404
-1.0,0.933167860805872,1.0,14.199625507114785
-0.9036303061462818,-0.8514243917415634,-0.7335777694891756,2.851925399558395
-0.41835677207848776,0.7614372140086574,1.0,8.24773231711347
-1.0,1.0,-1.0,21.75701502933235
-0.4507540218630859,-0.06590095580275301,0.4758545584550873,-0.12232707315630473
-0.14328287995769973,-0.3411408278377701,0.8825404604784248,-0.3058554411439386
1.0,0.11354757349088107,0.29836656997659383,5.88450607573748
0.23061653313461683,1.0,0.8610244431355492,10.060732753412188
-1.0,0.22026919244187382,0.0920738032887567,-4.237284558571621
0.664611501529889,0.2183150451272453,0.3212256455179652,2.1047714298647904
-1.0,0.8103142513718966,-0.7477160720629787,9.64290838738132
0.8559688156648155,-0.05253363887002638,-0.057276935029046516,2.843808141394818
-0.7698073307034703,-0.1284315116836794,-0.13154709511183338,-0.3762705090807662
-0.5302878818151633,1.0,-0.9285538392473136,1.0696392510404211
-0.6736166105203218,-0.05932209451385484,0.818853573823463,1.0193609199675908
-0.4534254652747549,-1.0,-1.0,-13.689516407418344
-0.0021061242452562468,0.8303843981431371,-0.24627993585988062,2.7595816538276585
-1.0,0.019813514525257814,-0.20854863093241427,-3.794408974473511
-0.06984817265444021,-0.9190623070171646,0.3450962951036638,1.6456674024856113
0.8965792304565725,-0.638954897445885,-0.08929544777326792,1.731081958466473
1.0,-0.22796766175383998,0.5200109251598828,5.79076433126778
-0.5779927695208154,1.0,-0.43255025798408964,5.629551383676099
-0.3829968066166518,-0.0871701571058765,-0.6240551691078291,0.27947994727615943
0.44868210878820514,0.8875002980363862,0.053196057397414176,4.200782661959886
-0.09213435788340196,0.05801449882521936,-0.4661379918691537,0.6005488603530602
0.9648993806438753,0.5825817549757424,1.0,21.297122611259162
-1.0,-0.4005600072810134,-1.0,7.113113494187036
-0.004338561562264864,-1.0,-0.6215950203829128,-2.2409410053010834
-0.3234242209984062,-0.7105139358232566,-0.2930520128912981,1.6020224003465422
1.0,1.0,0.04002651418702996,13.704185717287801
-1.0,-0.06410823826502221,1.0,3.686351383780713
-0.07820715339246709,-0.14006808829765505,-0.7662230537303185,0.4420453209735222
0.4834123487499764,0.7520242148366092,0.27683944097798663,2.1695290101695646
-1.0,0.9137241915107055,-0.9094339310397401,16.122177817581118
-0.876290696638075,1.0,-0.3477174500421141,6.02814346817029
-0.2239045298642457,0.7135461081885837,-0.6910043485606052,0.07407542632273961
-0.2663937282332438,-0.01961072846821832,-0.15407456896364158,1.2826776149122625
-0.9639938872101983,0.3444304440706114,0.19355335775722726,-3.6017546137627328
-1.0,0.04985004209554944,0.8745027977731794,-0.6583490722299614
1.0,0.822599606718641,-0.22718968154495522,8.315923804937041
-0.5680095929708604,0.13575805836191512,-0.7813171350024173,-0.4612429270198497
0.16315063813965192,-0.6090220655223302,0.1575244871673609,1.113357085240538
0.3740800425575368,0.4868300114506787,0.6484120001173133,1.8788447753801147
-1.0,-0.7199156972309726,-0.9411141691159879,3.536798606365609
-0.5917039548794372,0.10731263426859239,0.3414803412055303,-1.0722654777202056
1.0,0.21049047300028967,1.0,17.023964914870213
