degree,model_name,cv_mse,cv_r2
1,Linear Regression,33.17261996630755,0.23774875229324666
1,Ridge (alpha=0.1),33.17255958895181,0.2377526114751784
1,Ridge (alpha=1.0),33.17203313946335,0.23778690826599486
1,Ridge (alpha=10.0),33.16840538009532,0.2380877488461896
1,Lasso (alpha=0.001),33.172601953717205,0.23775266834732928
1,Lasso (alpha=0.01),33.172741584222784,0.23778083158416985
1,Lasso (alpha=0.1),33.18595703079081,0.23771625412569128
1,"ElasticNet (a=0.001, l1=0.5)",33.17237210061805,0.23776607394371013
1,"ElasticNet (a=0.01, l1=0.5)",33.17070584165282,0.2379080002898323
1,"ElasticNet (a=0.01, l1=0.7)",33.17148522472088,0.23785807293059408
2,Linear Regression,21.9154200506362,0.49638760763685885
2,Ridge (alpha=0.1),21.915355232045528,0.4963938200076178
2,Ridge (alpha=1.0),21.91481077788759,0.49644873032037273
2,Ridge (alpha=10.0),21.913115315157533,0.4969013171909995
2,Lasso (alpha=0.001),21.915570209895538,0.49640080600035336
2,Lasso (alpha=0.01),21.917311189229526,0.496508923493689
2,Lasso (alpha=0.1),22.024756649464997,0.4954541154899973
2,"ElasticNet (a=0.001, l1=0.5)",21.915220786166685,0.49641930915312393
2,"ElasticNet (a=0.01, l1=0.5)",21.91486129641479,0.4966693171072231
2,"ElasticNet (a=0.01, l1=0.7)",21.91577689529839,0.4966068573413862
3,Linear Regression,10.913101450575223,0.7471408966070262
3,Ridge (alpha=0.1),10.912794284164592,0.7471540534567194
3,Ridge (alpha=1.0),10.91146035848676,0.7472378249296596
3,Ridge (alpha=10.0),10.992959670469059,0.7457700655280715
3,Lasso (alpha=0.001),10.912527337243128,0.7471771502046894
3,Lasso (alpha=0.01),10.921023859958858,0.7471788105677633
3,Lasso (alpha=0.1),11.765424702340338,0.7291397953988172
3,"ElasticNet (a=0.001, l1=0.5)",10.91190011737193,0.7472040492240931
3,"ElasticNet (a=0.01, l1=0.5)",10.936824041816015,0.7469103211810402
3,"ElasticNet (a=0.01, l1=0.7)",10.928677836878707,0.7470624859031592
4,Linear Regression,3.769891323702113,0.910305185761319
4,Ridge (alpha=0.1),3.7700241680858695,0.9103158155823229
4,Ridge (alpha=1.0),3.7741849303049504,0.9103379296127498
4,Ridge (alpha=10.0),3.9750970696343986,0.906543354182616
4,Lasso (alpha=0.001),3.7708358019320363,0.9103253514832097
4,Lasso (alpha=0.01),3.8328489503816003,0.909282969613729
4,Lasso (alpha=0.1),5.768405512547901,0.8669028297477694
4,"ElasticNet (a=0.001, l1=0.5)",3.771703477412312,0.9103376113388848
4,"ElasticNet (a=0.01, l1=0.5)",3.8715710608862146,0.9086089412248519
4,"ElasticNet (a=0.01, l1=0.7)",3.855913592189316,0.9088884931964663
5,Linear Regression,1.3250266183492387,0.9685077517079979
5,Ridge (alpha=0.1),1.3227222838167942,0.9685590631136897
5,Ridge (alpha=1.0),1.3282193733341914,0.9684327493424988
5,Ridge (alpha=10.0),1.621123268147428,0.9619242589598143
5,Lasso (alpha=0.001),1.3553797992100662,0.9676670981094704
5,Lasso (alpha=0.01),1.5944734795817284,0.9622314498709278
5,Lasso (alpha=0.1),3.637416310101937,0.91649998416512
5,"ElasticNet (a=0.001, l1=0.5)",1.334853820233709,0.9682266358542513
5,"ElasticNet (a=0.01, l1=0.5)",1.5416255711750988,0.9635904604448535
5,"ElasticNet (a=0.01, l1=0.7)",1.560560414907158,0.9630130531050002
6,Linear Regression,0.588210999179247,0.9857049780677241
6,Ridge (alpha=0.1),0.5878461149636215,0.9857015003348639
6,Ridge (alpha=1.0),0.6224044648041771,0.9848396626872754
6,Ridge (alpha=10.0),0.9557866630134855,0.976976050318543
6,Lasso (alpha=0.001),1.0034579206752077,0.975646359775763
6,Lasso (alpha=0.01),1.017198713124992,0.9753024073574817
6,Lasso (alpha=0.1),2.6395020446314694,0.9375087804505631
6,"ElasticNet (a=0.001, l1=0.5)",0.9960680883760945,0.9758381731981831
6,"ElasticNet (a=0.01, l1=0.5)",0.9805855238754398,0.9762316609547261
6,"ElasticNet (a=0.01, l1=0.7)",1.0190309079719477,0.9752996823618003
7,Linear Regression,0.3678276630976139,0.9911111593365487
7,Ridge (alpha=0.1),0.364817212062166,0.9911590834338307
7,Ridge (alpha=1.0),0.4092335733696416,0.9901248108252367
7,Ridge (alpha=10.0),0.6342346499654568,0.9847993533327936
7,Lasso (alpha=0.001),0.7738950152254405,0.9813228611743771
7,Lasso (alpha=0.01),0.6807969395715344,0.9836407925490753
7,Lasso (alpha=0.1),2.0512528849421825,0.9516539321216639
7,"ElasticNet (a=0.001, l1=0.5)",0.7728189121572104,0.9813467737830918
7,"ElasticNet (a=0.01, l1=0.5)",0.6371748960538369,0.9846967355665914
7,"ElasticNet (a=0.01, l1=0.7)",0.6606002606699594,0.9841416110281168
8,Linear Regression,0.27891970989595116,0.9933414779412797
8,Ridge (alpha=0.1),0.2775419557537197,0.9933546891013606
8,Ridge (alpha=1.0),0.3024306795453806,0.9927039925591469
8,Ridge (alpha=10.0),0.42904352116683214,0.9896158496454508
8,Lasso (alpha=0.001),0.5839779225831272,0.9858663492393827
8,Lasso (alpha=0.01),0.5297652153585587,0.9871605422523759
8,Lasso (alpha=0.1),1.7563916437321612,0.9586362607534434
8,"ElasticNet (a=0.001, l1=0.5)",0.5796585813231345,0.9859774381112709
8,"ElasticNet (a=0.01, l1=0.5)",0.4928208836178859,0.9880735712701867
8,"ElasticNet (a=0.01, l1=0.7)",0.5166177669451242,0.9874911632574485
9,Linear Regression,0.33254720359190143,0.9921516756639394
9,Ridge (alpha=0.1),0.27545176298436347,0.9934305449584482
9,Ridge (alpha=1.0),0.2840542502109454,0.9931782794651799
9,Ridge (alpha=10.0),0.3678755607143141,0.9911724974931231
9,Lasso (alpha=0.001),0.5293873356208403,0.9872937674416205
9,Lasso (alpha=0.01),0.4658729296235219,0.9887239143708886
9,Lasso (alpha=0.1),1.6100101143661032,0.9621821604314572
9,"ElasticNet (a=0.001, l1=0.5)",0.4737757870234046,0.9884323470316099
9,"ElasticNet (a=0.01, l1=0.5)",0.42647760654176353,0.9896960996807016
9,"ElasticNet (a=0.01, l1=0.7)",0.452681819684134,0.9890671221116527
10,Linear Regression,0.5020733988386858,0.9883621110304247
10,Ridge (alpha=0.1),0.27367668790590305,0.9935026139539126
10,Ridge (alpha=1.0),0.26725276628833494,0.9936399417823889
10,Ridge (alpha=10.0),0.31306353525449915,0.9925076277963051
10,Lasso (alpha=0.001),0.4518622163538321,0.9891145175022119
10,Lasso (alpha=0.01),0.4302028751086383,0.9895920865650251
10,Lasso (alpha=0.1),1.5639671391421492,0.9632920863179495
10,"ElasticNet (a=0.001, l1=0.5)",0.4490556665550046,0.9891860358329969
10,"ElasticNet (a=0.01, l1=0.5)",0.3770437869536841,0.9909038968089829
10,"ElasticNet (a=0.01, l1=0.7)",0.40292882815214287,0.990280538632995
11,Linear Regression,0.7990196612086129,0.98145547697798
11,Ridge (alpha=0.1),0.2885573063043877,0.9931593088035614
11,Ridge (alpha=1.0),0.26465652765571135,0.9937084340403175
11,Ridge (alpha=10.0),0.30024296897976893,0.9928404231884282
11,Lasso (alpha=0.001),0.4186203585140156,0.9899742882177186
11,Lasso (alpha=0.01),0.40325204715705354,0.9902399340809602
11,Lasso (alpha=0.1),1.5131658718369876,0.9645564013241428
11,"ElasticNet (a=0.001, l1=0.5)",0.4150500851287263,0.9900630934622232
11,"ElasticNet (a=0.01, l1=0.5)",0.35303094094172427,0.9914785904322228
11,"ElasticNet (a=0.01, l1=0.7)",0.3729122875303657,0.9909890801163685
12,Linear Regression,12.548415519424053,0.7294609803719253
12,Ridge (alpha=0.1),0.3021205479717974,0.9928567424807554
12,Ridge (alpha=1.0),0.2666686231321214,0.9936756712710633
12,Ridge (alpha=10.0),0.29023173444411543,0.9931068508111055
12,Lasso (alpha=0.001),0.39186759979181546,0.9906119638180824
12,Lasso (alpha=0.01),0.38712903266470977,0.9906462207591515
12,Lasso (alpha=0.1),1.5023265342899061,0.9648283147901356
12,"ElasticNet (a=0.001, l1=0.5)",0.38795614166224357,0.9907084461857025
12,"ElasticNet (a=0.01, l1=0.5)",0.3326300211715465,0.9919865287850668
12,"ElasticNet (a=0.01, l1=0.7)",0.35299778281524274,0.9914825599363819
13,Linear Regression,22.564695926749444,0.517670123461574
13,Ridge (alpha=0.1),0.34610058320479364,0.991864500488561
13,Ridge (alpha=1.0),0.27009553186165103,0.9935901621814104
13,Ridge (alpha=10.0),0.286982458842343,0.9931893734540094
13,Lasso (alpha=0.001),0.3546006941711551,0.9915493318543241
13,Lasso (alpha=0.01),0.38163854724789786,0.9908004624011488
13,Lasso (alpha=0.1),1.4870932159697148,0.9651982369392783
13,"ElasticNet (a=0.001, l1=0.5)",0.36178376870829354,0.9913824121195217
13,"ElasticNet (a=0.01, l1=0.5)",0.32492606673259977,0.9921680532969953
13,"ElasticNet (a=0.01, l1=0.7)",0.3487379935360044,0.9915953737414105
14,Linear Regression,1019.4447409839074,-20.830264172629818
14,Ridge (alpha=0.1),0.3968777890432081,0.9907609969424531
14,Ridge (alpha=1.0),0.2763230479517512,0.993442547514336
14,Ridge (alpha=10.0),0.28871903337604204,0.9931516234864415
14,Lasso (alpha=0.001),0.3525402458375778,0.9916137546742583
14,Lasso (alpha=0.01),0.3791812955344846,0.9908818550339934
14,Lasso (alpha=0.1),1.4851061274700441,0.9652750177913351
14,"ElasticNet (a=0.001, l1=0.5)",0.361580310224371,0.9914165423809835
14,"ElasticNet (a=0.01, l1=0.5)",0.3206093151844685,0.9922913171559788
14,"ElasticNet (a=0.01, l1=0.7)",0.3426223299109778,0.9917558927993125
15,Linear Regression,1305.9239261030593,-27.278449950290565
15,Ridge (alpha=0.1),0.5172732855247899,0.9880968351025998
15,Ridge (alpha=1.0),0.2866044643273235,0.993194423389616
15,Ridge (alpha=10.0),0.28983465823825805,0.993124774026338
15,Lasso (alpha=0.001),0.33364509217792504,0.9920903978272879
15,Lasso (alpha=0.01),0.38001545501728917,0.9908722779800186
15,Lasso (alpha=0.1),1.4832956306159193,0.9653151470418994
15,"ElasticNet (a=0.001, l1=0.5)",0.3462958905394019,0.9918017234341281
15,"ElasticNet (a=0.01, l1=0.5)",0.3220927063728579,0.9922578918274659
15,"ElasticNet (a=0.01, l1=0.7)",0.3427303725017457,0.991754980599261
16,Linear Regression,3592.4039601060417,-76.41780581564237
16,Ridge (alpha=0.1),0.6835572669871597,0.9845433555996734
16,Ridge (alpha=1.0),0.29933523270784324,0.99290355295598
16,Ridge (alpha=10.0),0.2921569702746151,0.9930564296924548
16,Lasso (alpha=0.001),0.3440761237109884,0.9918648837182701
16,Lasso (alpha=0.01),0.38038973707685386,0.9908742745813341
16,Lasso (alpha=0.1),1.482041333282217,0.9653643211135732
16,"ElasticNet (a=0.001, l1=0.5)",0.3637463734762826,0.9914153383531833
16,"ElasticNet (a=0.01, l1=0.5)",0.3217904992195332,0.9922727856425986
16,"ElasticNet (a=0.01, l1=0.7)",0.3432557080631049,0.9917546776456174
17,Linear Regression,3435.313219649088,-73.04614804736339
17,Ridge (alpha=0.1),0.9217572505942568,0.9793163408242627
17,Ridge (alpha=1.0),0.32563374980146736,0.9922950525036226
17,Ridge (alpha=10.0),0.29504846337933294,0.9929821297002261
17,Lasso (alpha=0.001),0.32148777246055654,0.9923974400384908
17,Lasso (alpha=0.01),0.38270456541223796,0.9908339735746903
17,Lasso (alpha=0.1),1.4838654366011148,0.9653256684721203
17,"ElasticNet (a=0.001, l1=0.5)",0.33859939676925627,0.9920130814000393
17,"ElasticNet (a=0.01, l1=0.5)",0.32310529240891644,0.9922424473796653
17,"ElasticNet (a=0.01, l1=0.7)",0.34444664940193137,0.9917326694636402
18,Linear Regression,9035.80209407122,-193.21303124083818
18,Ridge (alpha=0.1),1.30394650350098,0.9711828334273791
18,Ridge (alpha=1.0),0.35437219811234455,0.9916696581763531
18,Ridge (alpha=10.0),0.2972609637335118,0.9929137517399834
18,Lasso (alpha=0.001),0.32997562135054836,0.9921926583505026
18,Lasso (alpha=0.01),0.38131457437135197,0.9908685405982908
18,Lasso (alpha=0.1),1.483718816349473,0.9653267253576395
18,"ElasticNet (a=0.001, l1=0.5)",0.3545584305533104,0.9916291932563285
18,"ElasticNet (a=0.01, l1=0.5)",0.3243537833747957,0.9922177154045431
18,"ElasticNet (a=0.01, l1=0.7)",0.34759155693759103,0.9916709889733875
19,Linear Regression,9368.020855507251,-200.6707067177201
19,Ridge (alpha=0.1),1.662908351169715,0.9633377047132333
19,Ridge (alpha=1.0),0.4122523411215081,0.9903661194467721
19,Ridge (alpha=10.0),0.2999670290014052,0.9928355261399208
19,Lasso (alpha=0.001),0.3261436524811271,0.99228343743695
19,Lasso (alpha=0.01),0.3828937809487619,0.9908326866529384
19,Lasso (alpha=0.1),1.4873811232684548,0.9652431944013824
19,"ElasticNet (a=0.001, l1=0.5)",0.34532681465112786,0.9918593836740858
19,"ElasticNet (a=0.01, l1=0.5)",0.32647325123946924,0.9921723397375194
19,"ElasticNet (a=0.01, l1=0.7)",0.3470072570077567,0.9916839432463677
20,Linear Regression,11044.130982329563,-235.2107528331474
20,Ridge (alpha=0.1),2.395693985707177,0.9477396300157649
20,Ridge (alpha=1.0),0.4670696257603453,0.9892014016524623
20,Ridge (alpha=10.0),0.3048138357895521,0.9927135393298444
20,Lasso (alpha=0.001),0.33236141116373574,0.9921286672677914
20,Lasso (alpha=0.01),0.38491611648471746,0.9907977271322377
20,Lasso (alpha=0.1),1.4854252894727296,0.9652902595582702
20,"ElasticNet (a=0.001, l1=0.5)",0.35846982201299255,0.9915428145398366
20,"ElasticNet (a=0.01, l1=0.5)",0.32896595259718886,0.9921196525903959
20,"ElasticNet (a=0.01, l1=0.7)",0.35029107002287596,0.9916194340411744
